,name,surname,scopus_id,pubs
0,Pawel,Machnikowski,6701755717,"[['6701755717', '36459801500', '12544974600'], ['22734220500', '57198306291', '37089580300', '24343295300', '6603564121', '6701755717', '7006146512', '7005880157'], ['57210199150', '6701755717'], ['56651019500', '36459801500', '6701755717'], ['54882407900', '57192154118', '36459801500', '6701755717'], ['56651019500', '36459801500', '54882407900', '6701755717'], ['56651019500', '36459801500', '6701755717'], ['54415838400', '36459801500', '6701755717'], ['54882407900', '6701755717'], ['57192154118', '54882407900', '6701755717'], ['54780344900', '12241080700', '7102348456', '8405703300', '7005929919', '7004689148', '56034404500', '7103360092', '6701755717', '7003271102'], ['57160145800', '6701755717'], ['54413850300', '36459801500', '24290590600', '57148255400', '57147649500', '57209680371', '57196746287', '35424248300', '7006185423', '14421216800', '7801447994', '6701755717', '56016491400'], ['54780344900', '12241080700', '7102348456', '8405703300', '7005929919', '22035228900', '7004689148', '56034404500', '7103360092', '6701755717', '7003271102'], ['25627588400', '6701755717'], ['12792941300', '52365464200', '54416032400', '7004912667', '6701755717', '14421216800'], ['55868249700', '6701755717'], ['56651019500', '36459801500', '6701755717'], ['55868249700', '6701755717'], ['12242263200', '35305502600', '6701755717'], ['54415838400', '6701755717'], ['56365708900', '26534783000', '54585742100', '54780344900', '7003905699', '6701755717', '7103360092', '8405703300', '22035228900', '7004689148', '7003271102'], ['54584808900', '6701755717'], ['52365464200', '54416032400', '12792941300', '7004912667', '6701755717', '14421216800'], ['36459801500', '6701755717', '14421216800'], ['49863575400', '6701755717', '57200185913'], ['57196746287', '6701755717', '14421216800'], ['25627989900', '6701755717', '7101840155'], ['55179408300', '26534783000', '7003271102', '6701755717'], ['49863575400', '49863419900', '14028540000', '49863283800', '36061510500', '23989242900', '7004958176', '7102380569', '14421216800', '56232531700', '7004516608', '6701755717'], ['35305502600', '12242263200', '6701755717', '8862747000'], ['55868249700', '6701755717'], ['36459801500', '54416032400', '12792941300', '14421216800', '36455841900', '7004912667', '36188294700', '6701755717'], ['54882407900', '6701755717'], ['25627588400', '35305502600', '6701755717'], ['36455841900', '55612581000', '36459801500', '6701755717', '7004499090', '54416032400', '12792941300', '14421216800', '7004912667'], ['36459801500', '54416032400', '12792941300', '7101840155', '36455841900', '7004912667', '36188294700', '6701755717'], ['54584849100', '6701755717'], ['7004516608', '36061510500', '14028540000', '49863283800', '49863419900', '23989242900', '7004958176', '7102380569', '49863575400', '6701755717', '14421216800', '16229866100', '7005978911', '56232531700'], ['22735444200', '6701755717'], ['25627989900', '6701755717'], ['26534783000', '14047294000', '7003271102', '25627989900', '7003905699', '6701755717', '7103360092', '22034726500', '8405703300', '22035228900', '7004689148', '36051409500'], ['55328759100', '55372461400', '6701755717'], ['6603682653', '36455841900', '7004499090', '7004912667', '6701755717', '14421216800'], ['54416032400', '36459801500', '12792941300', '36188294700', '7004912667', '6701755717', '7101840155'], ['36459801500', '6701755717'], ['26534783000', '25627989900', '7003271102', '14047294000', '6701755717', '7103360092', '22034726500', '22035228900', '36051409500'], ['54584808900', '6701755717'], ['25627989900', '6701755717', '14421216800'], ['12792941300', '54416032400', '36459801500', '36188294700', '6701755717', '7004912667', '7101840155'], ['54415838400', '22735444200', '6701755717'], ['36455841900', '6603682653', '54416032400', '12792941300', '7004499090', '6701755717', '7004912667', '7101840155'], ['24733714400', '57202863009', '6701755717', '22235432100', '6701447488', '7004765390', '7101840155'], ['14028540000', '49863575400', '6701755717', '49863419900', '49863283800', '36061510500', '23989242900', '7004958176', '7102380569', '7101840155', '56232531700', '7004516608'], ['36459801500', '6701755717'], ['37114374100', '8862747000', '12242263200', '6701755717', '7004477785', '6602807136'], ['25627989900', '6701755717'], ['6701755717', '7101840155'], ['22735444200', '6701755717'], ['6603682653', '7004499090', '7004912667', '6701755717', '7101840155'], ['24733714400', '57202863009', '6701755717', '22235432100', '6701447488', '37100167300', '7101840155'], ['6701755717'], ['54584849100', '6701755717'], ['54584808900', '6701755717'], ['49863575400', '6701755717'], ['25627989900', '26534783000', '7003271102', '14047294000', '6701755717', '7103360092'], ['36459801500', '25628147800', '36188294700', '6701755717'], ['25627989900', '6701755717'], ['6701755717', '7101840155'], ['6701755717'], ['12792941300', '35847487600', '7101840155', '7004912667', '6701755717'], ['22735444200', '6701755717'], ['56108278400', '6701755717', '7006092502'], ['24733714400', '7101840155', '7004912667', '6701755717'], ['12242263200', '6701755717', '7004912667', '7101840155'], ['12242263200', '6701755717', '7004912667', '7101840155'], ['12242263200', '6701755717'], ['22735444200', '6701755717'], ['22735444200', '6701755717'], ['6701755717', '55824504600', '55824382700', '55343840900', '55824504700', '55343890600'], ['56108278400', '6701755717', '7006092502'], ['22735444200', '6701755717'], ['6701755717', '57204232543'], ['6701755717'], ['12242263200', '6701755717'], ['56108278400', '6701755717', '7006092502'], ['6701755717', '12242263200', '22735444200'], ['35305502600', '12242263200', '6701755717'], ['35318836100', '7101840155', '7004912667', '6701755717'], ['6701755717'], ['6701755717', '56108278400', '23971928500', '55268741800'], ['6701755717'], ['25629080000', '6701755717'], ['12647661300', '6701755717', '7006092502'], ['12242263200', '7004912667', '7101840155', '6701755717'], ['57204232543', '6701755717'], ['6701755717'], ['25627588400', '6701755717'], ['25627989900', '6701755717'], ['25628147800', '6701755717'], ['56604228500', '26534783000', '6701755717'], ['12242263200', '6701755717', '7004912667', '7101840155'], ['56108278400', '23971928500', '6701755717', '55268741800'], ['23971928500', '56108278400', '6701755717', '55268741800'], ['56108278400', '23971928500', '6701755717', '55268741800'], ['12242263200', '7004912667', '7101840155', '6701755717'], ['12647661300', '23971928500', '6701755717', '55268741800'], ['6701755717', '7004912667', '7101840155'], ['12242263200', '6701755717', '7004173659'], ['22735444200', '6701755717'], ['6701755717'], ['57204232543', '6701755717'], ['22735444200', '6701755717'], ['23971928500', '56108278400', '6701755717', '55268741800'], ['56108278400', '23971928500', '6701755717', '55268741800'], ['6701755717'], ['12242263200', '6701755717', '7004173659'], ['6701755717'], ['6701755717'], ['56108278400', '6701755717'], ['6506801069', '6701755717', '10639791500', '7006185423', '7004912667', '7101840155', '7007068767'], ['12242263200', '6701755717'], ['12242263200', '6701755717'], ['6701755717', '7004173659'], ['56108278400', '6701755717', '7004173659'], ['12242263200', '6701755717', '7004173659'], ['56108278400', '6701755717'], ['12242263200', '6701755717'], ['12242263200', '6701755717', '7004173659'], ['12242263200', '6701755717', '7004173659'], ['7004173659', '6603593695', '7003866876', '8654975300', '6701755717'], ['7004912667', '6701755717', '7101840155'], ['12242263200', '56108278400', '6701755717', '7101840155'], ['6506010316', '7004173659', '6603593695', '6701755717', '6601969480'], ['6701755717'], ['6701755717', '7004173659'], ['9335543000', '7004912667', '7101840155', '6701755717', '6603682653'], ['6701755717', '7004173659'], ['7004173659', '6603593695', '6507453304', '8654975300', '8862747000', '6701755717'], ['6506010316', '7004173659', '6603593695', '6701755717'], ['56261445800', '7004209558', '57200185913', '6603869414', '7004173659', '6701755717'], ['6701755717', '7004173659'], ['6701755717', '7004173659'], ['7004173659', '6506010316', '6701755717', '6601969480', '6603593695'], ['7004173659', '6603593695', '6507453304', '6701755717'], ['6603593695', '7004173659', '6701755717', '6507453304'], ['7004173659', '6701755717', '6603593695', '7103338931'], ['7004173659', '6603593695', '6507453304', '6701755717'], ['7004173659', '6603593695', '6507453304', '6701755717'], ['6601969480', '6701755717'], ['6701755717', '6601969480'], ['7004173659', '6603593695', '6507453304', '6701755717'], ['6601969480', '6506015154', '6507067300', '6701755717'], ['6601969480', '6506015154', '6507067300', '6701755717'], ['6701755717', '6507067300', '6601969480'], ['6601969480', '6506015154', '6507067300', '6701755717'], ['6701755717'], ['57197123450', '6701755717', '6507067300'], ['6508322675', '6701755717', '6507067300', '6601969480'], ['6701755717', '6601969480'], ['6508322675', '6701755717', '6601969480'], ['6508322675', '6701755717', '6601969480'], ['6508322675', '6701755717', '6601969480']]"
1,Marcin,Mierzejewski,7003815262,"[['57190025072', '7003815262', '7005743482'], ['7003815262', '7005743482', '7003796945'], ['57207938555', '7005743482', '7003815262'], ['7005743482', '7003796945', '7003815262'], ['57190025072', '7005743482', '7003815262'], ['7003796945', '7003724253', '7003815262'], ['7003815262', '57190025072', '7005743482'], ['57201191361', '6602755782', '7003815262'], ['7005743482', '8057436200', '7003815262'], ['57199717478', '7003815262', '7003796945'], ['7003815262', '57142531500', '7004218519'], ['56901461500', '6602824544', '36646765900', '7003815262', '7005673654'], ['7005743482', '7003815262', '8057436200', '54083167700'], ['7003796945', '7003815262'], ['7003815262', '54083167700', '7005743482'], ['56352546700', '7003815262', '7003796945'], ['56352546700', '36939067700', '7003815262', '7003724253', '7003796945'], ['57190025072', '7005743482', '7003815262'], ['7003815262', '7004816526', '7005743482'], ['56648153900', '7003815262', '8270059200'], ['7003815262', '7003796945', '8270059200'], ['25640577700', '36939067700', '55199814900', '7003815262', '55632686900', '35093268400', '7003811282', '6701794548', '37074211500', '23100304100', '8396484700', '7003494707', '7005867924', '7003923672', '26643498200', '55881748900', '23003434200', '56155427100', '7003796945', '24774986400', '55890902800'], ['7003815262', '7005743482', '7004816526'], ['6602755782', '7003815262', '6603884619'], ['55615183000', '7005743482', '7003815262'], ['56352546700', '55210882500', '55199814900', '7003815262', '7005743482', '7003796945'], ['7003815262', '55615183000', '7005743482'], ['7003815262', '7005743482', '7004816526'], ['55199814900', '7003796945', '7003815262', '36939067700'], ['7005361042', '35072649400', '56085836400', '7003815262', '17436153100', '35418504500'], ['36939067700', '7003796945', '7003815262', '7005743482', '7003724253'], ['7003815262', '7004816526', '55615183000', '7005743482'], ['7003815262', '7003796945', '7005743482'], ['8270059200', '7003815262', '56234011800', '55507911800', '26643533400'], ['7003796945', '7003815262', '36939067700'], ['6602755782', '7003815262', '6603884619', '36939067700', '7003796945', '7006068987'], ['22636326900', '54083167700', '22963467300', '7003815262'], ['24475535000', '6602755782', '7003815262'], ['7003815262', '7003796945', '7005743482'], ['7003815262', '36939067700', '7003796945', '7005743482'], ['36939067700', '7003796945', '7003815262', '22963467300', '7003724253'], ['7003815262', '7005743482'], ['6602755782', '7003815262', '13806777300', '7006199246'], ['7003815262', '56234011800', '8270059200'], ['36245030500', '7003815262', '7004816526'], ['35119829400', '7003815262', '6602755782'], ['8270059200', '7003815262', '56234011800', '26643533400'], ['7003815262', '24475535000', '57199335643'], ['8270059200', '7003815262', '35117667100'], ['8270059200', '7003815262', '56234011800'], ['24475535000', '6602755782', '7003815262'], ['14819592500', '6602755782', '7003815262'], ['35119829400', '24529026500', '7003815262', '6602755782'], ['6602755782', '7003815262', '7101714619', '6603884619'], ['8270059200', '7003815262', '56234011800'], ['14819592500', '6602755782', '7003815262'], ['24529026500', '7003815262', '6602755782'], ['8984334400', '7003815262', '6602755782'], ['8270059200', '7003815262', '7004275457'], ['8270059200', '7003815262', '7004275457'], ['13806676400', '7003815262'], ['24475535000', '7003815262'], ['7101714619', '6603884619', '6602755782', '7003815262'], ['14819592500', '6602755782', '7003815262'], ['6602755782', '13806676400', '8984334400', '7003815262'], ['8270059200', '7003815262', '56234011800'], ['14819592500', '7003815262'], ['14819592500', '57196542955', '6602755782', '7003815262'], ['7003815262', '8270059200', '56234011800', '7003293679', '26643533400'], ['8984334400', '14819592500', '6602755782', '7003815262'], ['7003815262', '6602755782'], ['13806676400', '7003815262'], ['7004275457', '8270059200', '7003815262', '26643533400'], ['7101714619', '6603884619', '7003815262'], ['8270059200', '7004275457', '7003815262', '26643533400'], ['6602755782', '8984334400', '7003815262', '13806676400'], ['7004275457', '8270059200', '7003815262'], ['8984334400', '6602755782', '7003815262', '13806676400'], ['7003815262', '6602755782'], ['7003815262', '13806676400'], ['6602755782', '7003815262', '6701446924', '7003987497', '36037656100', '6603710551'], ['6507564177', '7003815262'], ['7003815262', '57200049447'], ['6602755782', '7003815262'], ['7003815262', '6602755782', '6701446924'], ['25635286200', '7003815262'], ['57197106997', '7005533965', '6602755782', '7003815262'], ['6602755782', '7003815262'], ['6603884619', '7003815262'], ['7003815262', '6602755782'], ['7203065177', '6507564177', '7003815262', '7006351463'], ['6507564177', '7003815262', '7203065177'], ['7003815262', '6602755782'], ['6603208458', '7003815262'], ['7003815262', '6602755782'], ['8833796100', '7003815262', '7203065177'], ['7003815262', '7203065177', '7006351463'], ['6603208458', '7203065177', '7003815262'], ['6603328740', '7003815262', '7203065177'], ['6602755782', '7003815262'], ['6603328740', '7003815262', '7203065177', '7006351463'], ['6603884619', '7003815262'], ['6603328740', '7003815262'], ['7003815262', '7006351463'], ['7003815262', '6602755782'], ['7003815262', '7203065177', '7006351463'], ['6603208458', '7203065177', '7003815262'], ['6603328740', '7203065177', '7003815262'], ['7003815262', '7203065177'], ['7203065177', '7003815262', '7006351463'], ['7003815262', '7203065177', '7006351463'], ['7003815262', '7203065177'], ['7003815262', '7203065177', '7006351463'], ['6603208458', '7203065177', '7003815262'], ['7003815262'], ['7003815262', '7203065177'], ['7003815262', '7203065177'], ['7003815262', '7203065177', '7006351463'], ['7003815262', '7203065177', '7006351463'], ['7003815262', '7203065177', '7006351463'], ['7203065177', '7003815262', '7006351463', '57207593416'], ['7003815262', '7203065177'], ['7003815262', '7203065177'], ['7003815262', '7203065177', '7006351463'], ['7003815262', '7203065177']]"
2,Antoni,Mitus,7003961190,"[['55551276500', '12782884700', '7007035077', '7003961190'], ['6701377826', '35432674300', '12782884700', '7003961190'], ['7007035077', '6505950755', '7003961190'], ['55551276500', '7007035077', '7003961190'], ['7003961190', '55551276500', '6505950755', '7007035077'], ['6505950755', '7003961190', '55551276500', '7007035077'], ['7003961190', '55551276500', '7007035077', '55810074800', '7006216850', '7004870539'], ['7007035077', '7003961190', '7101712588'], ['7003961190', '7003689565', '57016889300', '7007035077', '7003930990', '7006216850', '7004870539'], ['7007035077', '12241080700', '26656366200', '7003961190', '7101712588'], ['7007035077', '7006404110', '6602726468', '7003961190'], ['7007035077', '55551276500', '7003961190', '7003930990', '7006404110', '7006216850', '7004870539'], ['7006404110', '26535124100', '57204701097', '51360922400', '7003961190', '7007035077', '6603102742'], ['7003961190', '7007035077', '7003930990', '26535124100', '40761308100', '49561970200', '7006216850', '7004870539'], ['7007035077', '26656366200', '12241080700', '7003961190', '7101712588'], ['6701377826', '12782884700', '7003961190', '35432674300', '7004632584'], ['7007035077', '26656366200', '12241080700', '7003961190', '7101712588'], ['7007035077', '26656366200', '26655749700', '7003961190', '7101712588'], ['7007035077', '12782884700', '55551276500', '7003961190', '7005157488'], ['7007035077', '26656366200', '26655749700', '7003961190', '7101712588'], ['7007035077', '55551276500', '7003961190', '7003930990', '7006404110', '7006216850', '7004870539', '7101977273'], ['6701377826', '35432674300', '7004632584', '12782884700', '7003961190'], ['7007035077', '26656366200', '26655749700', '7003961190', '7101712588'], ['7003961190', '26655749700', '7007035077', '7102399651'], ['7007035077', '12241080700', '26656366200', '7003961190', '7101712588'], ['26655749700', '7003961190', '7102399651'], ['7007035077', '7003961190', '7006404110'], ['7005503872', '7003961190', '7003930990'], ['7007035077', '7003961190', '51360922400', '7006404110'], ['7007035077', '26656366200', '26655749700', '7003961190', '7101712588'], ['7007035077', '55942685200', '12241080700', '26656366200', '7003961190', '7101712588'], ['7007035077', '57197308603', '7003961190', '7005157488'], ['7003961190', '7007035077', '7102399651'], ['7007035077', '26656366200', '26655749700', '7003961190', '7101712588'], ['7003961190', '7003930990', '7005503872'], ['7007035077', '26656366200', '7003961190', '7101712588'], ['7003961190', '7007035077', '25923462200', '7003930990', '7006404110', '7006216850', '7004870539', '7101977273'], ['6701377826', '12782884700', '7003961190', '7004632584', '35432674300'], ['7007035077', '7003961190', '7003930990', '7006404110', '7101977273'], ['7007035077', '26656366200', '7003961190', '7101712588'], ['7007035077', '7004870539', '7006216850', '7003961190'], ['7007035077', '7003961190', '7004870539', '7006216850'], ['7007035077', '26655749700', '26656366200', '7003961190', '7101712588'], ['7007035077', '26655749700', '26656366200', '7003961190', '7101712588'], ['7007035077', '7003961190', '7003930990', '7006404110', '7101977273'], ['7006216850', '55894124100', '7007035077', '7003961190', '7004870539'], ['7007035077', '7003961190', '7004870539', '7006216850'], ['26655749700', '26656366200', '7007035077', '12782884700', '7003961190'], ['12782884700', '7003961190', '15122810600', '6701377826', '7004632584'], ['26656366200', '26655749700', '7007035077', '12782884700', '7003961190', '7006216850'], ['15122810600', '13006632500', '12782884700', '8238303300', '24397107800', '7003961190', '7004632584'], ['7003961190', '7007035077', '7006216850', '7101977273'], ['22834140400', '12140744500', '7003961190', '35316827300'], ['7003961190', '7007035077', '7004870539', '7006216850'], ['7003961190', '7007035077', '7004870539', '7006216850'], ['7007035077', '7003961190', '7006216850'], ['7007035077', '25923462200', '7003961190', '7005503872', '14919219000', '7006216850'], ['7003961190', '7007035077', '16417556700', '7003930990', '7006404110', '7006216850'], ['7006404110', '6602726468', '16417556700', '6603102742', '7003961190', '7007035077', '7005503872', '7006216850'], ['7007035077', '24072559000', '7003961190', '7004870539', '35571742200', '7006216850'], ['7007035077', '7003961190', '7006216850'], ['7007035077', '7003961190', '7006404110', '7006216850'], ['7006404110', '7005503872', '6603102742', '6602726468', '7003961190', '7006216850'], ['7007035077', '7003961190', '7006216850'], ['6601969480', '6506015154', '6507067300', '12752175500', '8306513800', '7006372417', '8083413400', '7003961190', '7007035077'], ['7003961190', '7007035077', '7005503872', '7006404110', '7006216850'], ['7003961190', '7007035077', '9845493300', '7005503872', '7006404110', '7006216850'], ['7007035077', '7003961190', '7006216850'], ['7007035077', '7003961190', '7006404110', '6602726468', '7006216850'], ['12782884700', '7003961190', '6701377826', '35432674300'], ['7003961190', '7007035077', '7006404110', '7006216850'], ['7003961190', '7007035077', '7006404110', '7006216850'], ['7003961190', '7007035077', '7006404110', '6602726468', '7006216850'], ['7006404110', '7004736847', '7003930990', '6602905011', '6602726468', '6506784572', '7006216850', '7003597572', '6603149525', '7003961190', '7007035077'], ['7003961190', '12782884700', '6701377826'], ['7007035077', '7003961190', '7006404110', '7006216850'], ['7007035077', '7003961190', '7006404110', '7006216850'], ['7003961190', '12782884700', '6701377826', '7006826001', '7005479100', '6504009086'], ['7003961190', '6701377826', '7006826001', '7005479100'], ['7003961190', '6701377826', '7006826001', '7005479100'], ['7004173659', '6603593695', '6507453304', '55942685200', '7003961190'], ['6602905011', '7007035077', '7003961190', '7006404110'], ['7007035077', '7003961190', '7006404110'], ['6603423215', '7003961190', '7006404110'], ['6701377826', '7003961190', '35432674300'], ['6603423215', '7006404110', '7003961190'], ['7003961190', '57197847032', '7102184435'], ['7003961190', '6507850075', '56234656600', '6701377826'], ['7003961190', '6507850075', '56234656600', '6701377826'], ['7003961190', '7102184435', '7402546901', '7004021290', '24397107800', '56234656600'], ['6506955793', '7003961190'], ['7003961190', '24397107800', '7005479100'], ['7003961190'], ['7003961190', '24397107800'], ['7003961190', '24397107800'], ['7102943110', '7003961190', '24397107800'], ['7003961190', '24397107800', '24455188300'], ['7003961190', '24397107800'], ['7003961190', '24397107800'], ['7006261983', '7003961190', '7102189162', '6602574054']]"
3,Katarzyna,Sznajd-Weron,6701680061,"[['56964185900', '6701680061'], ['57209143171', '57209143507', '6701680061'], ['57208597387', '6701680061'], ['49964023800', '36518280100', '57204644907', '6701680061'], ['56964185900', '57191913744', '57204644907', '6701680061'], ['56964185900', '6701680061'], ['16686364200', '7004609627', '6701680061'], ['56964185900', '6701680061'], ['56964185900', '16686364200', '6701680061'], ['57191913744', '6701680061'], ['55551276500', '56651019500', '57194544425', '6701680061'], ['57191915079', '7102611174', '57191913744', '6701680061'], ['55485484400', '6701680061'], ['36518280100', '56964185900', '6701680061', '6603869283'], ['57204644907', '6701680061'], ['55674687500', '57189619705', '56964185900', '6701680061'], ['56964185900', '6701680061', '6507995948'], ['57204644907', '6701680061'], ['16686364200', '6701680061'], ['56964185900', '16686364200', '6701680061'], ['55674687500', '34872957400', '6603869283', '6701680061'], ['6701680061', '56198369600'], ['6701680061', '6507995948', '6603869283'], ['57194865473', '6701680061', '6603869283'], ['55674687500', '34872957400', '6701680061', '6603869283'], ['6701680061', '6507995948', '6603869283', '56120861500'], ['55674687500', '34872957400', '56198369600', '6701680061', '6603869283'], ['49964023800', '6701680061'], ['55485484400', '6701680061'], ['55509976800', '6701680061', '55509729500'], ['49964023800', '6701680061', '6602410625'], ['49964023800', '22991733100', '6701680061'], ['6701680061', '6504063706', '34878038200'], ['57194865473', '6701680061', '6504063706'], ['6701680061'], ['6602577208', '6701680061'], ['6602577208', '6701680061'], ['6602576359', '15765033100', '55998906600', '6601972662', '6701680061', '6603869283'], ['6701680061', '6603869283', '26536886700'], ['7004206100', '6701680061', '57194865473'], ['6701680061'], ['6602577208', '6701680061'], ['6602576359', '15765033100', '6601972662', '55998906600', '6701680061', '6603869283'], ['6701680061', '10142249000'], ['10142249000', '6701680061'], ['6701680061'], ['6701680061'], ['6701680061', '7006255885'], ['6701680061'], ['6701680061'], ['6701680061'], ['6701680061'], ['7003443873', '6701680061'], ['6701680061', '6603869283'], ['7003443873', '6701680061'], ['6701680061'], ['6701680061', '6603869283'], ['6701680061', '56091354300'], ['6701680061', '7006243789'], ['6701680061', '6603869283'], ['7006243789', '6701680061'], ['7006243789', '6701680061'], ['6701680061', '7006255885'], ['6701680061'], ['6701680061', '7006243789'], ['6701680061', '7006243789'], ['6701680061'], ['6701680061', '7006243789'], ['6701680061', '7006243789'], ['6602214624', '7006243789', '6701680061']]"
4,Andrzej,Janutka,6506010316,"[['6506010316', '57202507902'], ['6506010316', '57202507902'], ['6506010316', '57202507902'], ['6506010316', '12783842900'], ['6506010316', '12783842900'], ['6506010316'], ['56146310300', '56146465400', '24558862000', '6506010316', '55916900100', '57136341300', '57136588900'], ['6506010316', '12783842900', '56974461500'], ['6506010316', '12783842900'], ['6506010316', '12783842900'], ['6506010316'], ['6506010316'], ['6506010316'], ['6506010316'], ['6506010316'], ['6506010316'], ['6506010316'], ['6506010316'], ['6506010316'], ['6506010316', '6507067300'], ['6506010316'], ['6506010316'], ['6506010316'], ['6506010316'], ['6506010316'], ['6506010316'], ['6506010316'], ['6506010316', '7004173659', '6603593695', '6701755717', '6601969480'], ['6506010316'], ['6506010316'], ['6506010316', '7004173659', '6603593695', '6701755717'], ['6506010316'], ['7004173659', '6506010316', '6701755717', '6601969480', '6603593695'], ['6506010316', '6603565560']]"
5,Grzegorz,Pawlik,7007035077,"[['55551276500', '12782884700', '7007035077', '7003961190'], ['7007035077', '6505950755', '7003961190'], ['8937758100', '36608386400', '55835556600', '56741560200', '7007035077', '57208845538', '7004908243'], ['55551276500', '7007035077', '7003961190'], ['7007035077', '57194688143', '55520317800', '55551276500', '8937758100'], ['7003961190', '55551276500', '6505950755', '7007035077'], ['6505950755', '7003961190', '55551276500', '7007035077'], ['7003961190', '55551276500', '7007035077', '55810074800', '7006216850', '7004870539'], ['55520317800', '8937758100', '7007035077', '35794965300', '7103360092'], ['7007035077', '7003961190', '7101712588'], ['7003961190', '7003689565', '57016889300', '7007035077', '7003930990', '7006216850', '7004870539'], ['7007035077', '12241080700', '26656366200', '7003961190', '7101712588'], ['7007035077'], ['7007035077', '7006404110', '6602726468', '7003961190'], ['7007035077', '55551276500', '7003961190', '7003930990', '7006404110', '7006216850', '7004870539'], ['7006404110', '26535124100', '57204701097', '51360922400', '7003961190', '7007035077', '6603102742'], ['7003961190', '7007035077', '7003930990', '26535124100', '40761308100', '49561970200', '7006216850', '7004870539'], ['7007035077', '26656366200', '12241080700', '7003961190', '7101712588'], ['7007035077', '55551276500', '36133492200', '55954197900', '7006404110', '55953421500', '7004870539'], ['7007035077', '26656366200', '12241080700', '7003961190', '7101712588'], ['8937758100', '35794965300', '55520317800', '55218567100', '7007035077', '7103360092'], ['7007035077', '26656366200', '26655749700', '7003961190', '7101712588'], ['7007035077', '12782884700', '55551276500', '7003961190', '7005157488'], ['7007035077', '26656366200', '26655749700', '7003961190', '7101712588'], ['7007035077', '55551276500', '7003961190', '7003930990', '7006404110', '7006216850', '7004870539', '7101977273'], ['7007035077', '26656366200', '26655749700', '7003961190', '7101712588'], ['7003961190', '26655749700', '7007035077', '7102399651'], ['7007035077', '12241080700', '26656366200', '7003961190', '7101712588'], ['7007035077', '7003961190', '7006404110'], ['7007035077', '7003961190', '51360922400', '7006404110'], ['7007035077', '26656366200', '26655749700', '7003961190', '7101712588'], ['7007035077', '55942685200', '12241080700', '26656366200', '7003961190', '7101712588'], ['7007035077', '57197308603', '7003961190', '7005157488'], ['7003961190', '7007035077', '7102399651'], ['7007035077', '26656366200', '26655749700', '7003961190', '7101712588'], ['7007035077', '26656366200', '7003961190', '7101712588'], ['7003961190', '7007035077', '25923462200', '7003930990', '7006404110', '7006216850', '7004870539', '7101977273'], ['7007035077', '7003961190', '7003930990', '7006404110', '7101977273'], ['7007035077', '26656366200', '7003961190', '7101712588'], ['7007035077', '7004870539', '7006216850', '7003961190'], ['7007035077', '7003961190', '7004870539', '7006216850'], ['7007035077', '26655749700', '26656366200', '7003961190', '7101712588'], ['7007035077', '26655749700', '26656366200', '7003961190', '7101712588'], ['7007035077', '7003961190', '7003930990', '7006404110', '7101977273'], ['7006216850', '55894124100', '7007035077', '7003961190', '7004870539'], ['7007035077', '7003961190', '7004870539', '7006216850'], ['26655749700', '26656366200', '7007035077', '12782884700', '7003961190'], ['26656366200', '26655749700', '7007035077', '12782884700', '7003961190', '7006216850'], ['7003961190', '7007035077', '7006216850', '7101977273'], ['7003961190', '7007035077', '7004870539', '7006216850'], ['7003961190', '7007035077', '7004870539', '7006216850'], ['7007035077', '7003961190', '7006216850'], ['7007035077', '25923462200', '7003961190', '7005503872', '14919219000', '7006216850'], ['7003961190', '7007035077', '16417556700', '7003930990', '7006404110', '7006216850'], ['7006404110', '6602726468', '16417556700', '6603102742', '7003961190', '7007035077', '7005503872', '7006216850'], ['7007035077', '24072559000', '7003961190', '7004870539', '35571742200', '7006216850'], ['7007035077', '7003961190', '7006216850'], ['7007035077', '7003961190', '7006404110', '7006216850'], ['7007035077', '7003961190', '7006216850'], ['6601969480', '6506015154', '6507067300', '12752175500', '8306513800', '7006372417', '8083413400', '7003961190', '7007035077'], ['7003961190', '7007035077', '7005503872', '7006404110', '7006216850'], ['7003961190', '7007035077', '9845493300', '7005503872', '7006404110', '7006216850'], ['7007035077', '7003961190', '7006216850'], ['7007035077', '7003961190', '7006404110', '6602726468', '7006216850'], ['7003961190', '7007035077', '7006404110', '7006216850'], ['7003961190', '7007035077', '7006404110', '7006216850'], ['7003961190', '7007035077', '7006404110', '6602726468', '7006216850'], ['7006404110', '7004736847', '7003930990', '6602905011', '6602726468', '6506784572', '7006216850', '7003597572', '6603149525', '7003961190', '7007035077'], ['7007035077', '7003961190', '7006404110', '7006216850'], ['7007035077', '7003961190', '7006404110', '7006216850'], ['6602905011', '7007035077', '7003961190', '7006404110'], ['7007035077', '7003961190', '7006404110']]"
6,Katarzyna,Roszak,12242263200,"[['12242263200', '57195234274', '12544974600'], ['12242263200'], ['12242263200', '12544974600'], ['57195945411', '12242263200'], ['6601969480', '55979840600', '12242263200'], ['57189456455', '12242263200'], ['12242263200', '12544974600'], ['12242263200', '12544974600'], ['12242263200', '7004358457', '10540666000'], ['12242263200', '35305502600', '6701755717'], ['57197084865', '12242263200', '57200185913'], ['57197084865', '12242263200', '12544560900', '57200185913'], ['35305502600', '12242263200', '6701755717', '8862747000'], ['12242263200', '57197084865', '57200185913'], ['12791428800', '12242263200', '6603850641', '6507726996', '10540666000', '7102156885'], ['12242263200', '10540666000'], ['12791428800', '12242263200', '6603850641', '6507726996', '7102156885', '10540666000'], ['37114374100', '8862747000', '12242263200', '6701755717', '7004477785', '6602807136'], ['12242263200', '57200185913', '6603869414'], ['12242263200', '6701755717', '7004912667', '7101840155'], ['12242263200', '6701755717', '7004912667', '7101840155'], ['12242263200', '6701755717'], ['12242263200', '6701755717'], ['6701755717', '12242263200', '22735444200'], ['35305502600', '12242263200', '6701755717'], ['12242263200', '7004912667', '7101840155', '6701755717'], ['12242263200', '6701755717', '7004912667', '7101840155'], ['12242263200', '7004912667', '7101840155', '6701755717'], ['12242263200', '6701755717', '7004173659'], ['12242263200', '6701755717', '7004173659'], ['12242263200', '6701755717'], ['12242263200', '6701755717'], ['12242263200', '6701755717', '7004173659'], ['12242263200', '6701755717'], ['12242263200', '6701755717', '7004173659'], ['12242263200', '6701755717', '7004173659'], ['12242263200', '56108278400', '6701755717', '7101840155']]"
7,Pawel,Scharoch,6603257340,"[['6603257340', '55649571755', '8673451300'], ['55649571755', '6603257340', '8673451300'], ['54795310000', '55649571755', '6603257340', '56900248500', '56165896900', '18234008700', '8673451300'], ['56196288000', '55649571755', '54795310000', '6603257340', '56900248500', '18234008700', '8673451300'], ['6603896124', '6603257340', '36005048600'], ['55649571755', '36005048600', '57190741653', '6603257340'], ['55649571755', '6603257340', '8673451300'], ['55344703300', '6603257340'], ['8673451300', '54795310000', '55649571755', '6603257340', '10046014500', '7103360092', '56207296500', '30367548100', '25647614700'], ['54795310000', '8673451300', '55649571755', '6603257340', '56311857400', '6603739582', '57208293126', '23008541200', '7201440879', '55901831300'], ['36005048600', '6603257340', '55649571755'], ['55649571755', '6603257340', '8673451300', '54795310000', '36005048600', '35867326300', '36348546300', '7403385470', '7404293608', '7003412015', '6603739582'], ['6603257340', '36005048600', '55649571755'], ['8678738100', '36132813000', '6603257340', '7102933353'], ['6603257340', '36005048600', '55649571755'], ['6603257340', '36005048600'], ['36005048600', '55649571755', '6603257340'], ['36005048600', '6603257340'], ['6603257340'], ['6603257340', '6507938149', '6507547547'], ['6603257340'], ['6603257340', '57200821034', '7102229641'], ['6603257340', '7006579070', '7102229641'], ['6603257340', '7006261983', '7005450809'], ['7005450809', '6507938149', '6603257340'], ['7006087905', '7005767102', '6603257340'], ['7006087905', '7005767102', '6603257340'], ['7006087905', '6603257340', '7005767102'], ['6603257340', '7005767102'], ['6603257340', '7005480659'], ['6603257340', '7007074303', '7005480659']]"
8,Krzysztof,Gawarecki,36459801500,"[['54780344900', '26534783000', '36459801500', '55179408300', '57188828069', '57194587474', '55469388400', '7004373432', '55890905900', '6602684754', '7003271102'], ['6701755717', '36459801500', '12544974600'], ['36459801500', '57192154118'], ['56651019500', '36459801500', '6701755717'], ['54882407900', '57192154118', '36459801500', '6701755717'], ['56651019500', '36459801500', '54882407900', '6701755717'], ['36459801500'], ['54882407900', '6507270884', '54585742100', '54780344900', '56365708900', '36459801500', '7103360092', '8405703300', '7004689148', '22035228900', '7003271102'], ['56651019500', '36459801500', '6701755717'], ['54585742100', '54780344900', '6603952345', '14047294000', '36459801500', '26534783000', '7103360092', '55469388400', '7004373432', '55890905900', '6602684754', '7003271102'], ['54415838400', '36459801500', '6701755717'], ['54413850300', '36459801500', '24290590600', '57148255400', '57147649500', '57209680371', '57196746287', '35424248300', '7006185423', '14421216800', '7801447994', '6701755717', '56016491400'], ['56651019500', '36459801500', '6701755717'], ['36459801500', '6701755717', '14421216800'], ['36459801500', '54416032400', '12792941300', '14421216800', '36455841900', '7004912667', '36188294700', '6701755717'], ['36455841900', '55612581000', '36459801500', '6701755717', '7004499090', '54416032400', '12792941300', '14421216800', '7004912667'], ['36459801500', '54416032400', '12792941300', '7101840155', '36455841900', '7004912667', '36188294700', '6701755717'], ['54416032400', '36459801500', '12792941300', '36188294700', '7004912667', '6701755717', '7101840155'], ['36459801500', '6701755717'], ['12792941300', '54416032400', '36459801500', '36188294700', '6701755717', '7004912667', '7101840155'], ['36459801500', '6701755717'], ['36459801500', '25628147800', '36188294700', '6701755717']]"
9,Michal,Gawelczyk,54882407900,"[['54882407900'], ['54882407900'], ['54882407900', '57192154118', '36459801500', '6701755717'], ['55179408300', '54882407900', '7103360092', '22035228900', '7004689148', '7003271102'], ['56651019500', '36459801500', '54882407900', '6701755717'], ['54882407900', '6507270884', '54585742100', '54780344900', '56365708900', '36459801500', '7103360092', '8405703300', '7004689148', '22035228900', '7003271102'], ['54585742100', '6507270884', '54941289900', '54882407900', '7103360092', '55969619900', '7402769260', '7006912130', '7003271102'], ['54882407900', '6701755717'], ['6507270884', '55179408300', '54882407900', '7003271102', '8405703300', '7004689148', '22035228900', '7103360092'], ['57192154118', '54882407900', '6701755717'], ['54882407900', '6701755717'], ['6701603796', '54882407900', '36091923600', '6601969480']]"
10,Anna,Hajdusianek,None,None
11,Jacek,Herbrych,54083167700,"[['54083167700', '57203395085', '56421143900', '56217406300', '56017228600', '57205929001', '7007156996'], ['57202418311', '35758792200', '57203116787', '54083167700', '7006123039', '7003641072', '6602279445', '22636326900'], ['54083167700', '57190089161', '45561494400', '56217406300', '57205929001', '7007156996'], ['57202418311', '54083167700', '22636326900'], ['57198500680', '57201660985', '54083167700', '57203990345', '56798064700', '57201611992', '6602817695', '7006719504', '37065795200'], ['57190089161', '54083167700', '45561494400', '56217406300', '57205929001', '7004618358', '7007156996'], ['54083167700', '6602340587', '7007156996', '6602817695'], ['56421437200', '54083167700', '7007156996', '57205929001'], ['7005743482', '54083167700'], ['7005743482', '7003815262', '8057436200', '54083167700'], ['55569709700', '22636326900', '54083167700', '6602279445'], ['54083167700', '24577571300'], ['7003815262', '54083167700', '7005743482'], ['54083167700', '6701766625'], ['22636326900', '54083167700', '6701766625', '56236531300'], ['22636326900', '54083167700', '16023142200', '56236531300'], ['24577571300', '54083167700', '35494821000', '7005743482'], ['25723629900', '54083167700', '6506069566', '7005743482', '6701766625', '7102789528'], ['54083167700', '24577571300', '7005743482'], ['22636326900', '54083167700', '7005743482'], ['54083167700', '22636326900', '22963467300'], ['22636326900', '54083167700', '22963467300', '7003815262'], ['54083167700', '7005743482', '6701766625']]"
12,Michal,Jarema,26655749700,"[['7007035077', '26656366200', '26655749700', '7003961190', '7101712588'], ['7007035077', '26656366200', '26655749700', '7003961190', '7101712588'], ['7007035077', '26656366200', '26655749700', '7003961190', '7101712588'], ['7003961190', '26655749700', '7007035077', '7102399651'], ['26655749700', '7003961190', '7102399651'], ['7007035077', '26656366200', '26655749700', '7003961190', '7101712588'], ['7007035077', '26656366200', '26655749700', '7003961190', '7101712588'], ['7007035077', '26655749700', '26656366200', '7003961190', '7101712588'], ['7007035077', '26655749700', '26656366200', '7003961190', '7101712588'], ['26655749700', '26656366200', '7007035077', '12782884700', '7003961190'], ['26656366200', '26655749700', '7007035077', '12782884700', '7003961190', '7006216850']]"
13,Blazej,Jaworowski,55875008000,"[['55875008000', '57190849862'], ['55875008000', '56250938600', '55571678200'], ['55875008000', '25627989900', '7004416503'], ['57202804300', '55875008000', '25627989900', '35222272100', '7004416503'], ['55875008000', '6603678156', '25627989900', '57202804300', '35222272100', '7004416503'], ['55875008000', '25627989900', '35222272100', '7004416503'], ['55875008000', '57195073690', '22961179300', '57190849862'], ['55933022200', '57191293435', '55875008000', '35222272100'], ['55875008000', '7004380794', '35222272100'], ['55875008000', '35222272100', '7004416503']]"
14,Pawel,Karwat,54415838400,"[['54415838400', '12792941300', '14421216800', '57201236792'], ['54415838400', '36459801500', '6701755717'], ['54415838400', '6701755717'], ['54415838400', '22735444200', '6701755717']]"
15,Maciej,Mulak,6602823921,"[['6602823921', '6602733692'], ['6602823921', '6602733692'], ['6602823921', '6602733692'], ['6602823921', '6602733692'], ['6602823921', '6602733692'], ['6602823921', '6602733692'], ['6602823921', '6602733692'], ['6602733692', '6602823921'], ['6602733692', '6602823921'], ['6602733692', '6602823921'], ['6602733692', '6602823921'], ['6602733692', '6602823921'], ['6602733692', '6602823921', '8654975300'], ['6602733692', '6602823921', '8654975300'], ['6602733692', '6602823921'], ['6602733692', '6602823921'], ['6602733692', '6602823921'], ['8654975300', '8862747000', '6602823921'], ['8654975300', '10046014500', '6602823921'], ['10046014500', '8654975300', '6602823921'], ['8654975300', '10046014500', '6602823921'], ['6508388178', '8654975300', '6602823921'], ['10046014500', '8654975300', '6602823921'], ['8654975300', '6602823921'], ['8654975300', '6602823921'], ['6602823921', '8654975300'], ['8654975300', '6602823921'], ['6602823921', '8654975300'], ['6602823921', '8654975300']]"
16,Wojciech,Mulak,None,None
17,Jaroslaw,Pawlowski,56363096800,"[['36862969100', '56363096800', '57195919558', '57195922042'], ['56363096800', '57195922042', '57195919558', '36862969100'], ['56363096800', '55813620300', '36862969100'], ['36862969100', '56363096800', '57195919558', '57195922042'], ['56363096800', '57195919558', '57195922042', '36862969100'], ['56363096800', '36722246200', '36862969100'], ['52664316300', '36242184600', '56363096800', '56350273400', '55933661300'], ['56363096800', '36722246200', '36862969100'], ['52664316300', '56363096800', '36242184600', '56350273400', '55933661300', '36951981600'], ['36722246200', '56363096800', '55403728900', '7004708374'], ['56363096800', '36722246200', '55239846300', '36862969100'], ['52664316300', '56363096800', '36242184600', '55551382800', '6602926746', '56350273400'], ['36722246200', '36862969100', '56363096800', '9333678700'], ['36862969100', '56363096800', '55239846300']]"
18,Maciej,Polak,55649571755,"[['8673451300', '54795310000', '57193887155', '55649571755', '10046014500', '8973332000', '8957598800', '7006952900', '55229835700'], ['22981096700', '26435779000', '57195103567', '7003621401', '8673451300', '55649571755', '54882024300', '12804898600', '55346650100', '7004276779', '8328158400', '6507357455', '6506829825', '7006719868', '7005352946', '7102608722', '12142317500'], ['54795310000', '57191854833', '55649571755', '57197781435', '25627423500', '36181766500', '7006782302', '8673451300'], ['22981096700', '26435779000', '57195103567', '7004276779', '7003569612', '7005033110', '55550288100', '55543276700', '56003379400', '54882024300', '12804898600', '55346650100', '7006719868', '8328158400', '6507357455', '6506829825', '8673451300', '55649571755', '7003621401', '7102608722', '7005352946', '12142317500'], ['56374624300', '10046014500', '55649571755', '55537831100', '6701825285', '23977621200', '57206284146', '55410004100', '8673451300'], ['6603257340', '55649571755', '8673451300'], ['55649571755', '6603257340', '8673451300'], ['54795310000', '55649571755', '6603257340', '56900248500', '56165896900', '18234008700', '8673451300'], ['56196288000', '55649571755', '54795310000', '6603257340', '56900248500', '18234008700', '8673451300'], ['55649571755', '36005048600', '57190741653', '6603257340'], ['55649571755', '6603257340', '8673451300'], ['8673451300', '54795310000', '55649571755', '6603257340', '10046014500', '7103360092', '56207296500', '30367548100', '25647614700'], ['54795310000', '8673451300', '55649571755', '6603257340', '56311857400', '6603739582', '57208293126', '23008541200', '7201440879', '55901831300'], ['36005048600', '6603257340', '55649571755'], ['55649571755', '6603257340', '8673451300', '54795310000', '36005048600', '35867326300', '36348546300', '7403385470', '7404293608', '7003412015', '6603739582'], ['6603257340', '36005048600', '55649571755'], ['6603257340', '36005048600', '55649571755'], ['36005048600', '55649571755', '6603257340']]"
19,Pawel,Potasz,35222272100,"[['55458070200', '57191189949', '57194544425', '36458732600', '57195965441', '8447948700', '7004416503', '35222272100'], ['57202804300', '55875008000', '25627989900', '35222272100', '7004416503'], ['55875008000', '6603678156', '25627989900', '57202804300', '35222272100', '7004416503'], ['55875008000', '25627989900', '35222272100', '7004416503'], ['57194544425', '57191189949', '6603896124', '35222272100', '7004416503'], ['57191189949', '6701356355', '57191293435', '35222272100', '35559274000', '57190849862'], ['55458070200', '35222272100', '57195965441', '7004416503', '8447948700'], ['57191189949', '6603896124', '35222272100'], ['55933022200', '57191293435', '55875008000', '35222272100'], ['57191189949', '6603896124', '35222272100'], ['57189035966', '35222272100', '7004416503'], ['6603678156', '35222272100', '57190849862'], ['55875008000', '7004380794', '35222272100'], ['35222272100', '6603685407'], ['35222272100', '6603678156', '35559274000', '57190849862'], ['6603678156', '35222272100', '57190849862'], ['55875008000', '35222272100', '7004416503'], ['35222272100', '6603678156', '35559274000', '6701356355', '57190849862'], ['7103378686', '6701356355', '6603678156', '15082051300', '35222272100', '9745239500', '23981222200', '57190849862'], ['35222272100', '6603678156', '7004416503', '57190849862'], ['6603678156', '35222272100', '57190849862'], ['6603678156', '35222272100', '57190849862'], ['35222272100', '6603678156', '23981222200', '7102816088', '57190849862'], ['23981222200', '6603678156', '35222272100', '57190849862'], ['6603678156', '35222272100', '57190849862'], ['35222272100', '6603678156', '57190849862'], ['35222272100', '6603678156', '57190849862'], ['6603678156', '35222272100', '23981222200', '6701356355', '57190849862'], ['35222272100', '35305021200', '57190849862']]"
20,Wojciech,Radosz,55551276500,"[['55551276500', '12782884700', '7007035077', '7003961190'], ['55551276500', '7007035077', '7003961190'], ['7007035077', '57194688143', '55520317800', '55551276500', '8937758100'], ['55551276500', '56651019500', '57194544425', '6701680061'], ['7003961190', '55551276500', '6505950755', '7007035077'], ['6505950755', '7003961190', '55551276500', '7007035077'], ['7003961190', '55551276500', '7007035077', '55810074800', '7006216850', '7004870539'], ['7007035077', '55551276500', '7003961190', '7003930990', '7006404110', '7006216850', '7004870539'], ['7007035077', '55551276500', '36133492200', '55954197900', '7006404110', '55953421500', '7004870539'], ['7007035077', '12782884700', '55551276500', '7003961190', '7005157488'], ['7007035077', '55551276500', '7003961190', '7003930990', '7006404110', '7006216850', '7004870539', '7101977273']]"
21,Anna,Sitek,22735444200,"[['57196020132', '22735444200', '7004380794'], ['22735444200', '57201524584', '7004380794'], ['57196020132', '22735444200', '7004380794'], ['57200962381', '22735444200', '57103581200', '35620950800', '56875423000', '6602229622', '7004380794', '7102660141', '56016491400', '7005543698', '13004392800', '7801447994'], ['57196020132', '22735444200', '7004340780', '7004380794'], ['57201524584', '22735444200', '57192901906', '23006842700', '7004340780', '7004380794'], ['7004340780', '36659116400', '22735444200', '6603692035', '35222465600', '7004380794'], ['6603456655', '22735444200', '7004380794'], ['22735444200', '57201524584', '36129776600', '7004340780', '7005822390', '7004380794'], ['7004340780', '57200676519', '22735444200', '6603692035', '35222465600', '7004380794'], ['57197904933', '7004380794', '6603692035', '36659116400', '22735444200', '35222465600', '7004340780'], ['7004380794', '22735444200', '55916801800', '55406857800', '7004340780', '6603456655'], ['22735444200', '57196020132', '36129776600', '7004340780', '7004380794'], ['7004340780', '36659116400', '22735444200', '6603692035', '35222465600', '7004380794'], ['22735444200', '8437844800', '7003474702', '55406857800', '7004340780', '7004380794'], ['7004340780', '57197904933', '57192107018', '36659116400', '22735444200', '6603692035', '35222465600', '7004380794'], ['22735444200', '23006842700', '7004340780', '7004380794'], ['7004380794', '6506036119', '22735444200', '56016146300', '57192901906', '7004340780'], ['7004340780', '22735444200', '36659116400', '35222465600', '7004380794'], ['22735444200', '23006842700', '7004340780', '7004380794'], ['7004340780', '22735444200', '56720674300', '36659116400', '35222465600', '7004380794'], ['22735444200', '55406857800', '7004340780', '7004380794'], ['22735444200', '7004340780', '7004380794'], ['22735444200', '7004380794'], ['22735444200', '7004380794'], ['22735444200', '6701755717'], ['54415838400', '22735444200', '6701755717'], ['22735444200', '6701755717'], ['22735444200', '6701755717'], ['26027425000', '14421709500', '22735444200', '55268741800'], ['22735444200', '6701755717'], ['22735444200', '6701755717'], ['14421709500', '26027425000', '22735444200', '55268741800'], ['22735444200', '6701755717'], ['6701755717', '12242263200', '22735444200'], ['22735444200', '6701755717'], ['22735444200', '6701755717']]"
22,Justyna,Trzmiel,13106271700,"[['57194898634', '13106271700', '57211231514', '57202635813', '55865561500', '56167731300', '8071982500', '7003687871', '15725818100', '8678738100'], ['57194898634', '13106271700', '36905137400', '7003550731', '56094719800', '55347026600', '55336370000', '8678738100'], ['13106271700', '8678738100', '8071982500', '15725818100'], ['8678738100', '13106271700', '36905137400', '15725818100'], ['56167731300', '15725818100', '57202635813', '8678738100', '13106271700', '6602200193', '36905137400'], ['15725818100', '56584712100', '7004628645', '8678738100', '13106271700', '55555938700', '10045148000'], ['15725818100', '55555938700', '7003479924', '8678738100', '13106271700', '6602200193'], ['13106271700', '8678738100', '55984791700', '7006836820'], ['55984791700', '13106271700'], ['56085848500', '56035399900', '13106271700'], ['13106271700', '56035399900', '56085848500', '55984791700'], ['13106271700', '36640029300', '25925053300'], ['13106271700', '55984791700', '24469170600'], ['55984791700', '13106271700', '56035399900'], ['56085848500', '56035399900', '13106271700'], ['56035399900', '55984791700', '22135207300', '6602325983', '13106271700'], ['13106271700', '55984791700', '56035399900'], ['13106271700', '35586842300', '35230635500', '56035399900', '6602947376'], ['35586842300', '13106271700', '34875910500', '8521227000', '6602897008', '55106863400'], ['35586842300', '34875910500', '13106271700', '7007074303', '6602947376', '55878054800', '24457570400', '55881635800', '7003628825'], ['13106271700', '56035399900', '24801901600', '35586842300'], ['13106271700', '35586842300', '6602947376', '56035399900', '7004035127'], ['13106271700', '35305655700', '35306083700', '6602947376'], ['34875910500', '35586842300', '6602947376', '13106271700', '24457570400', '6701361471'], ['35586842300', '6602947376', '13106271700', '7007074303'], ['13106271700', '35586842300', '7101811462', '56035399900', '7004035127'], ['13106271700', '56035399900', '35586842300'], ['35586842300', '13106271700', '6602947376', '25629089300', '7007074303'], ['13106271700', '35586842300', '56035399900', '7007074303', '25629089300'], ['35586842300', '6701840615', '13106271700', '7007074303', '35230635500']]"
23,Maciej,Bieniek,57191189949,"[['25627671800', '55932273900', '57205188344', '57195676914', '57191189949', '34770004900', '57190849862'], ['57191189949', '57191293435', '57190849862'], ['57191293435', '57191189949', '57190849862'], ['55458070200', '57191189949', '57194544425', '36458732600', '57195965441', '8447948700', '7004416503', '35222272100'], ['57194544425', '57191189949', '6603896124', '35222272100', '7004416503'], ['57191189949', '6701356355', '57191293435', '35222272100', '35559274000', '57190849862'], ['57191189949', '6603896124', '35222272100'], ['57191189949', '6603896124', '35222272100']]"
24,Marta,Brzezinska,57194544425,"[['45561338500', '36658779100', '57194544425', '35308380300', '7006373370', '9635528600', '55355406100', '57206671181', '57211259271', '36247645900', '6701336243', '7103136814'], ['57194544425', '55711409600', '36247645900'], ['55458070200', '57191189949', '57194544425', '36458732600', '57195965441', '8447948700', '7004416503', '35222272100'], ['57194544425', '57191189949', '6603896124', '35222272100', '7004416503'], ['55551276500', '56651019500', '57194544425', '6701680061']]"
25,Kacper,Brzuszek,57202507902,"[['6506010316', '57202507902'], ['6506010316', '57202507902'], ['6506010316', '57202507902']]"
26,Pawel,Bugajny,55933022200,"[['55933022200', '57191293435', '55875008000', '35222272100'], ['57205188344', '55933022200', '35489885300', '55932273900', '6507270884', '7004416503', '7103360092', '6603349696', '24457570400', '55878054800']]"
27,Weronika,Golletz,None,None
28,Norbert,Janik,None,None
29,Arkadiusz,Jedrzejewski,56964185900,"[['56964185900', '6701680061'], ['56964185900', '57191913744', '57204644907', '6701680061'], ['56964185900', '6701680061'], ['35561216300', '57194184961', '56964185900', '7004087473'], ['35561216300', '57194184961', '56964185900', '7004087473'], ['56964185900', '6701680061'], ['56964185900', '16686364200', '6701680061'], ['56964185900'], ['36518280100', '56964185900', '6701680061', '6603869283'], ['34872957400', '56964185900', '55674687500', '6603869283'], ['55674687500', '57189619705', '56964185900', '6701680061'], ['56964185900', '6701680061', '6507995948'], ['56964185900', '16686364200', '6701680061']]"
30,Karol,Kawa,57210199150,"[['57210199150', '6701755717']]"
31,Bartosz,Kusmierz,56444404000,"[['56444404000', '7004416503', '49664148800'], ['6701603796', '55979840600', '56444404000', '6701571938', '6601969480'], ['56444404000', '7004416503'], ['56444404000', '7004416503'], ['56444404000', '7004416503'], ['56444404000', '7004416503'], ['56444404000', '55373171400', '7004416503'], ['56444404000', '55373171400', '7004416503'], ['36091923600', '56444404000', '55979840600', '6701571938', '6601969480']]"
32,Mateusz,Krzykowski,57192154118,"[['36459801500', '57192154118'], ['54882407900', '57192154118', '36459801500', '6701755717'], ['57192154118', '54882407900', '6701755717']]"
33,Michal,Kupczynski,57202804300,"[['57202804300', '55875008000', '25627989900', '35222272100', '7004416503'], ['55875008000', '6603678156', '25627989900', '57202804300', '35222272100', '7004416503']]"
34,Adam,Mielnik-Pyszczorski,56651019500,"[['56651019500', '36459801500', '6701755717'], ['56651019500', '36459801500', '54882407900', '6701755717'], ['56651019500', '36459801500', '6701755717'], ['55551276500', '56651019500', '57194544425', '6701680061'], ['56651019500', '36459801500', '6701755717']]"
35,Bartlomiej,Nowak,57208597387,"[['57208597387', '6701680061']]"
36,Jakub,Rosinski,None,None
37,Bartosz,Rzepkowski,None,None
38,Andrzej,Wieckowski,None,None
39,Tomasz,Wozniak,6603896124,"[['54982422000', '56711482400', '57189904993', '56426744400', '14318851000', '55931458500', '57191033374', '6603896124', '56187452900', '7003414142', '55252500400', '57203090873', '57204021602', '57200374288'], ['8371784000', '6603896124', '56196288000', '36718016200', '7103130319', '8673451300'], ['55937003300', '22735690400', '6603896124', '22984946700', '7003336937'], ['57194544425', '57191189949', '6603896124', '35222272100', '7004416503'], ['57191189949', '6603896124', '35222272100'], ['57191189949', '6603896124', '35222272100'], ['6603896124', '6603257340', '36005048600']]"
40,Filip,Formalik,57191831459,"[['55108306600', '57191831459', '56994004400', '7102411544', '7004195991'], ['56994004400', '57191831459', '56798600200', '7004195991', '55108306600', '7003615005'], ['57203159449', '57191831459', '57207256158', '57211212125', '56994004400', '57192188843', '7006885606', '24166251400', '55108306600', '7004596826'], ['55979840600', '6701603796', '57191831459', '6601969480'], ['57191831459', '55740715800', '56994004400', '7004195991', '55108306600'], ['7004195991', '56994004400', '57191831459', '55108306600'], ['57191831459', '55740715800', '56994004400', '7004195991', '55108306600'], ['55108306600', '55174892800', '57191831459', '7004596826', '7004195991'], ['8306513800', '57191831459', '57125822600', '6601969480'], ['55174892800', '55681076100', '57191831459', '7006449958', '7004596826', '55108306600'], ['55740715800', '57094744900', '57191831459', '57125822600']]"
41,Nafise,Nouri,55458070200,"[['35766665200', '8447948700', '55458070200'], ['55458070200', '57191189949', '57194544425', '36458732600', '57195965441', '8447948700', '7004416503', '35222272100'], ['55458070200', '8447948700'], ['55458070200', '35222272100', '57195965441', '7004416503', '8447948700'], ['55458070200', '8447948700'], ['16402317100', '55458070200']]"
42,Jan,Dubowski,None,None
43,Piotr,Kaczmarkiewicz,25627989900,"[['55875008000', '25627989900', '7004416503'], ['57202804300', '55875008000', '25627989900', '35222272100', '7004416503'], ['55875008000', '6603678156', '25627989900', '57202804300', '35222272100', '7004416503'], ['55875008000', '25627989900', '35222272100', '7004416503'], ['25627989900', '6701755717', '7101840155'], ['25627989900', '6701755717'], ['26534783000', '14047294000', '7003271102', '25627989900', '7003905699', '6701755717', '7103360092', '22034726500', '8405703300', '22035228900', '7004689148', '36051409500'], ['26534783000', '25627989900', '7003271102', '14047294000', '6701755717', '7103360092', '22034726500', '22035228900', '36051409500'], ['25627989900', '6701755717', '14421216800'], ['25627989900', '6701755717'], ['25627989900', '26534783000', '7003271102', '14047294000', '6701755717', '7103360092'], ['25627989900', '6701755717'], ['25627989900', '6701755717']]"
44,Henryk,Konwent,6508322675,"[['6508322675', '6701755717', '6507067300', '6601969480'], ['6508322675', '6701755717', '6601969480'], ['6508322675', '6701755717', '6601969480'], ['6508322675', '6701755717', '6601969480'], ['6508322675'], ['6508322675'], ['7005059138', '6507367394', '7005670837', '6508322675'], ['7102692915', '6508322675', '57190921811'], ['6508322675', '7004599691'], ['16515604600', '6508322675', '7003821979'], ['6508322675', '7003821979'], ['6508322675', '7003821979'], ['6508322675'], ['24608529400', '6508322675'], ['6508322675']]"
45,Pawel,Rusek,6603565560,"[['55814462300', '6603565560'], ['6603565560'], ['7003563169', '6603637155', '6506849284', '35571023500', '6603897944', '7004717756', '6603565560'], ['6603565560'], ['6603565560', '7005186111'], ['6506010316', '6603565560'], ['6701576031', '7003563169', '6603565560'], ['6603565560', '7003563169', '6603637155'], ['6603637155', '7003563169', '6603565560'], ['6603637155', '7003563169', '6603565560'], ['6603565560', '22970038400'], ['6603565560', '7003563169'], ['6603565560'], ['6603565560', '22987509700'], ['57043218900', '22993488200', '6603565560'], ['6603565560', '22987509700'], ['6603565560'], ['6603565560'], ['6603565560']]"
46,Karina,Weron,56035399900,"[['56085848500', '56035399900'], ['56085848500', '56035399900'], ['56085848500', '56035399900', '6602325983'], ['56138570600', '55900794000', '56035399900', '6701571938'], ['56085848500', '56035399900', '6602325983'], ['56085848500', '56035399900'], ['55229674900', '55900794000', '56035399900', '6701571938'], ['56085848500', '56035399900'], ['56035399900', '56085848500', '55984791700', '7004379590', '7004291560'], ['55229674900', '56035399900'], ['56035399900', '55984791700', '12646154800', '56085848500'], ['56085848500', '56035399900'], ['56085848500', '56035399900'], ['56085848500', '56035399900'], ['56085848500', '56035399900'], ['56085848500', '56035399900', '13106271700'], ['13106271700', '56035399900', '56085848500', '55984791700'], ['56085848500', '56035399900'], ['55984791700', '13106271700', '56035399900'], ['56085848500', '56035399900', '13106271700'], ['56035399900', '55984791700', '22135207300', '6602325983', '13106271700'], ['13106271700', '55984791700', '56035399900'], ['13106271700', '35586842300', '35230635500', '56035399900', '6602947376'], ['55667463200', '26531921700', '56035399900', '22233557700', '6701491636'], ['56085848500', '56035399900'], ['13106271700', '56035399900', '24801901600', '35586842300'], ['56085848500', '56035399900'], ['13106271700', '35586842300', '6602947376', '56035399900', '7004035127'], ['6506517950', '56085848500', '56035399900'], ['56085848500', '6506517950', '22135207300', '6602325983', '56035399900'], ['56085848500', '56035399900', '6602325983'], ['55984791700', '56035399900'], ['13106271700', '35586842300', '7101811462', '56035399900', '7004035127'], ['55984791700', '56035399900', '24469170600'], ['13106271700', '56035399900', '35586842300'], ['6602325983', '22135207300', '56035399900'], ['56085848500', '56035399900'], ['13106271700', '35586842300', '56035399900', '7007074303', '25629089300'], ['56085848500', '56035399900'], ['11439869200', '56035399900', '7801589482'], ['11439869200', '56035399900', '7801589482'], ['22135207300', '6602325983', '56035399900'], ['11439869200', '7801589482', '56035399900'], ['22135207300', '56035399900'], ['22135207300', '56035399900'], ['55667463200', '9838886100', '55984791700', '56035399900'], ['56035399900', '55984791700', '22135207300'], ['11439869200', '14024296200', '6602507352', '56035399900'], ['7801589482', '56035399900'], ['56035399900', '55984791700'], ['6602325983', '6506517950', '6701810133', '56035399900'], ['7801589482', '56035399900'], ['7004440891', '7006709258', '7003454765', '56035399900'], ['7801589482', '11439869200', '56035399900', '9636015400'], ['56085848500', '56035399900'], ['7006281249', '55984791700', '56035399900'], ['7801589482', '11439869200', '56035399900', '9636015400'], ['6701810133', '56035399900', '6506517950', '6602325983'], ['55984791700', '56035399900'], ['55667463200', '56035399900'], ['56085848500', '56035399900'], ['6701810133', '56035399900'], ['6701810133', '7004069440', '7004165249', '56035399900'], ['56085848500', '56035399900'], ['7004069440', '6701810133', '56035399900', '7101798907'], ['56035399900', '55984791700', '7006281249'], ['15769407300', '56035399900', '6507775461'], ['6701810133', '56035399900'], ['6603393094', '56035399900'], ['7004069440', '6701810133', '56035399900', '7004165249', '14824177400', '35611280600'], ['6602730854', '56035399900', '6507111009'], ['6701810133', '7004069440', '56035399900'], ['6701810133', '56035399900'], ['55984791700', '56035399900'], ['56035399900', '6507775461'], ['7004933783', '56035399900', '35609107000', '6603480223'], ['6603869283', '56035399900', '6602325983'], ['55984791700', '56035399900'], ['6701810133', '56035399900', '7004069440'], ['6602624339', '56035399900'], ['56035399900', '6506769873'], ['7006381002', '6602325983', '56035399900'], ['56035399900', '6506769873'], ['6602325983', '56035399900', '6701761399'], ['56035399900', '55984791700'], ['6603393094', '56035399900'], ['56035399900'], ['56035399900'], ['56035399900'], ['6701516646', '56035399900'], ['7004744185', '6602325983', '6701516646', '56035399900'], ['6602325983', '56956534800', '56035399900']]"
47,Jacek,Wlasak,6505911680,"[['6505911680'], ['6505911680'], ['6505911680'], ['6505911680'], ['6505911680'], ['7102813730', '55909656800', '7006553400', '6505911680'], ['7006553400', '6505911680'], ['6603956766', '24553239200', '16534327100', '6505911680', '36767363100', '7006553400'], ['7006553400', '6505911680'], ['6602857487', '7801382446', '7004162012', '6505911680', '6506425574']]"
48,Anna,Chmiel,16686364200,"[['56023011700', '16686364200', '35280406800', '7801436075'], ['16686364200', '14831200700', '8069532500'], ['6508015819', '16686364200', '6602414509'], ['16686364200', '7004609627', '6701680061'], ['56964185900', '16686364200', '6701680061'], ['56648185200', '16686364200', '7004609627', '55667560500', '15064259400', '7101642010'], ['16686364200', '6701680061'], ['56964185900', '16686364200', '6701680061'], ['24076624200', '7003883837', '16686364200', '36675818200', '35588832000'], ['16686364200', '24076624200', '35588832000'], ['7004609627', '16686364200'], ['16686364200', '55667560500'], ['16686364200', '56522984700', '7004609627', '23502436700', '24823952000', '55396590500', '22967350900'], ['16686364200', '7004609627', '55396590500', '23502436700', '24823952000', '7101642010', '55667560500'], ['54941151700', '53867895800', '24823952000', '23396162600', '16686364200', '35932076900', '54939579500', '15020637600', '56817130300', '35772238600', '54940727500', '55667560500', '7101642010', '15064259400', '24476228800', '23502436700', '23390513600', '57204380672', '7005771861', '7004609627', '8533461300', '56522984700', '7005885082', '55396590500', '53868394600', '8835503800', '54941572400', '6603409250'], ['16686364200', '55667560500'], ['35932076900', '16686364200', '55667560500'], ['16686364200', '56346440600', '55667560500'], ['16686364200', '55667560500', '56346440600'], ['16686364200', '7004609627', '8310905300', '55667560500'], ['16686364200', '7004609627', '8310905300', '55667560500']]"
